Key,LastModified,ETag,Size,StorageClass
accountability_agent_log_1722257946.json,2024-07-29 13:01:33+00:00,"""2d9d7e5a7cfe281c194cd1e8f56fa1c5""",2742,STANDARD
accountability_agent_log_1722263331.json,2024-07-29 14:28:53+00:00,"""b6790816b876247579ec25c1e70050e6""",1077,STANDARD
accountability_agent_log_1722264296.json,2024-07-29 14:44:58+00:00,"""c8f4ca376897f2400095af6771d3c97d""",1182,STANDARD
logs_20240723_140000.json,2024-07-23 10:54:55+00:00,"""5f405240fef09befb9c362e890e5b5c5""",4791,STANDARD
logs_20240723_141000.json,2024-07-23 10:54:55+00:00,"""3d64cdcf161f50e195fef95c7f8b6635""",4639,STANDARD
logs_20240723_142000.json,2024-07-23 10:54:55+00:00,"""03e692fb7350701bdace0fc4acbe37c6""",4991,STANDARD
logs_20240723_143000.json,2024-07-23 10:54:55+00:00,"""5cde98807a9a0542adc7d74a05a17752""",5117,STANDARD
logs_20240723_144000.json,2024-07-23 10:54:55+00:00,"""d4e6dadbb1240048584d3d9287b26357""",5174,STANDARD
outline_agent_1722257946.json,2024-07-29 13:01:32+00:00,"""41ba289f20f130d34ea5bdfce6d95ad8""",2700,STANDARD
outline_agent_1722263331.json,2024-07-29 14:28:53+00:00,"""46280be28f7844e922b605b17aba72e2""",2392,STANDARD
outline_agent_1722264296.json,2024-07-29 14:44:57+00:00,"""01723894629d49a012d58728649e2db6""",3385,STANDARD
research_agent_1722257946.json,2024-07-29 13:01:32+00:00,"""17e2170d2bd5b21f694f19fcca0533c5""",1451440,STANDARD
research_agent_1722263331.json,2024-07-29 14:28:53+00:00,"""3ad4e64f5853745288c35b24cc3d38a8""",1518587,STANDARD
research_agent_1722264296.json,2024-07-29 14:44:57+00:00,"""793ce334f99075d718ffff5918cc5d87""",1959163,STANDARD
synthesis_agent_1722257946.json,2024-07-29 13:01:33+00:00,"""d0e0549ce51876b6e0535978c9d97e03""",45162,STANDARD
synthesis_agent_1722263331.json,2024-07-29 14:28:53+00:00,"""a3680ef17d01cae330932f56f57194b5""",44502,STANDARD
synthesis_agent_1722264296.json,2024-07-29 14:44:57+00:00,"""0e30966bdb97397cbdd4cef516a1d75b""",39968,STANDARD
thinking_ladder_agent_1722257946.json,2024-07-29 13:01:33+00:00,"""89a55ffafa487979012c116e804adcca""",130941,STANDARD
thinking_ladder_agent_1722263331.json,2024-07-29 14:28:53+00:00,"""c9b3505603832a5d84cf08d5bb36e227""",129787,STANDARD
thinking_ladder_agent_1722264296.json,2024-07-29 14:44:57+00:00,"""3c5a680670d082a29b620e7a00813459""",148798,STANDARD
